ID,y
1,78.66225
2,96.234276
3,80.56595
4,77.052246
5,111.53569
8,90.24344
10,99.742355
11,93.61362
12,116.61373
14,96.810234
15,116.17826
16,105.566734
17,101.34249
19,93.76759
20,99.40045
21,103.46884
22,118.25133
23,101.34249
26,98.05916
28,96.193726
29,101.34249
33,101.34249
35,94.28956
41,101.28464
42,93.82729
43,116.36685
45,103.041916
46,106.36406
51,93.76596
53,82.64809
55,111.607475
56,103.30545
57,109.180504
58,99.84536
59,102.011475
63,103.91095
64,95.14494
65,99.678276
69,94.38853
71,97.818275
72,106.42018
73,94.20942
76,102.016426
77,97.04496
78,115.99082
82,92.84755
83,99.678276
84,104.16892
85,107.643005
87,112.50757
88,101.28464
89,110.403915
91,99.24116
93,101.49248
94,102.58695
95,99.878265
96,113.66445
97,93.75188
98,106.159515
99,98.645454
101,105.75142
103,110.403915
104,95.08514
105,110.51827
110,96.55702
111,104.24766
113,103.26561
114,96.11401
115,111.69533
117,110.403915
120,93.50426
121,112.692276
122,92.02904
123,104.64335
126,109.685936
132,110.29514
135,109.237526
137,100.82083
138,95.55914
140,102.82717
142,113.764435
144,112.45012
148,92.70912
149,108.732704
155,99.667465
156,113.41535
157,93.75188
162,114.02724
163,95.756744
167,95.370834
172,116.36685
179,106.19456
180,92.31926
181,108.574684
182,99.21681
183,110.403915
185,110.403915
187,107.385376
188,92.38292
189,97.49953
191,94.16245
192,103.53617
193,93.53978
194,107.46027
195,97.023895
196,100.107605
198,108.06269
199,111.81884
201,99.23522
204,97.29695
205,105.65152
206,107.243225
210,99.10681
211,105.75142
216,111.92339
219,116.61373
220,94.25722
221,110.294044
226,108.574684
227,94.132256
228,112.16629
230,110.80337
231,93.75188
235,118.25133
236,95.45684
238,111.75272
242,102.29707
243,93.19299
244,75.04034
245,113.43955
247,113.81759
248,94.20301
249,94.40096
250,114.87063
251,95.45684
253,118.25133
254,94.68049
256,94.623116
257,92.89177
258,107.47679
259,97.45464
262,89.16672
266,100.05969
267,114.43194
272,103.22595
273,110.403915
275,97.22631
276,109.92675
279,95.40612
280,99.678276
283,92.70968
285,111.343124
288,110.403915
289,106.19413
290,99.630325
291,96.06711
292,105.73658
293,104.17472
296,94.57506
297,107.435
298,114.5441
299,92.12147
304,94.00788
305,85.042915
306,94.8524
307,110.129005
311,104.25543
313,110.66313
314,92.43552
316,111.61514
324,106.9294
327,100.40537
329,94.66766
330,109.77921
337,96.94546
338,96.90654
339,103.29573
340,95.36877
343,92.51806
345,116.17826
346,96.28334
347,112.312325
349,110.012215
350,94.96361
352,101.18879
353,93.0342
354,88.59112
357,95.77772
358,107.48547
362,108.079895
364,103.67333
365,103.64978
366,105.13875
367,107.86649
368,95.05891
370,81.24716
373,101.066925
377,94.66732
378,105.54025
382,102.016426
384,112.213005
390,101.325516
392,114.43931
393,110.24265
395,95.00756
396,97.05471
399,80.934425
406,110.66313
408,110.66313
409,94.57981
410,78.62707
412,115.11591
413,89.79475
419,102.57668
420,105.44486
421,89.79616
430,106.00744
434,92.8695
436,94.13318
437,101.91282
438,90.094574
439,110.928925
440,98.31187
443,100.64426
446,97.06467
448,93.25715
452,93.778786
453,109.85503
457,98.88126
458,94.454315
459,113.868515
460,103.80893
462,104.10664
464,100.16883
465,116.61373
467,112.92116
471,106.58713
472,77.56539
473,102.80623
475,97.38313
480,101.0556
488,107.53756
490,110.129005
491,105.63918
492,80.45012
493,95.50369
497,90.90172
498,107.5202
499,92.73763
500,102.27781
501,95.74181
502,109.72566
506,92.94983
510,106.085144
511,90.59464
512,95.374214
516,91.37175
518,96.81985
519,111.98151
521,92.87343
522,113.414696
526,114.21678
529,103.844894
532,110.47626
533,94.676544
536,111.47798
537,97.45001
539,93.39806
540,105.63918
541,97.879234
543,97.58515
546,109.1878
547,97.23524
548,88.56833
551,95.05368
552,108.07791
556,100.91579
557,98.66257
558,107.86649
559,97.78454
560,103.87631
562,104.09358
566,98.52316
570,107.5202
571,101.91282
572,99.212906
573,93.61885
575,116.61373
576,110.28976
577,95.27649
579,91.456566
580,112.6965
581,109.79241
589,110.129005
591,102.85377
593,93.383125
594,104.419655
595,93.65689
598,95.37433
602,108.351395
604,111.39376
606,107.53302
608,105.65142
609,105.9453
610,95.659546
616,107.8018
617,94.53231
618,107.9011
620,106.7995
622,104.840294
623,89.99162
624,109.03748
626,113.45466
628,111.78932
629,96.604065
630,110.85008
637,91.996475
638,97.41595
643,106.95997
645,101.0556
646,112.5484
648,93.47825
652,98.10892
653,100.1105
654,107.5202
656,112.038185
657,104.74486
659,97.48477
660,111.1036
663,95.194534
664,111.942276
666,107.30218
668,108.19598
669,93.49943
671,95.902565
675,91.253235
677,92.1959
678,109.493286
679,102.913284
682,105.61699
685,108.02087
687,98.60018
688,94.41491
693,111.8344
696,102.36961
698,93.75447
701,108.4093
704,97.28448
705,116.476616
709,103.53912
710,98.20337
711,109.243904
712,97.95684
714,111.95028
715,90.11055
716,110.54067
717,94.18203
720,115.861374
721,94.01645
724,106.67776
725,95.87442
726,103.472885
728,107.53997
731,97.915436
734,111.216934
738,93.79696
745,106.98597
746,94.49608
751,79.790726
754,92.97294
756,97.56508
758,102.4203
759,110.13621
761,116.075356
766,99.788185
767,107.43933
768,90.326744
769,114.61817
770,99.29616
771,80.76875
772,107.05976
773,95.66624
774,104.371254
776,112.51013
777,105.45365
780,116.049965
782,105.36903
787,103.41351
788,93.699844
792,91.43691
793,114.59654
798,106.34163
800,95.25111
806,110.54067
809,113.63044
811,106.18407
812,93.37882
814,116.296844
816,107.010895
817,95.80523
818,105.338455
820,104.63482
823,94.47604
829,92.16308
830,112.22233
831,93.65743
834,112.12552
839,97.24998
841,80.404335
844,105.75733
845,93.62331
848,93.4696
850,109.706825
851,106.75318
852,97.8711
854,94.08138
855,99.32386
856,111.042145
859,105.59565
861,104.371254
864,93.49413
865,104.2026
866,90.57582
867,96.66448
869,95.39539
871,92.29893
872,110.54067
882,104.089584
883,92.8695
885,96.252464
888,100.71073
893,108.38076
901,108.58717
903,105.36903
904,92.37982
905,108.93125
910,97.3501
911,114.831
914,110.78379
918,104.399826
921,91.32725
928,96.503815
929,109.1505
932,101.75298
933,96.52665
934,97.3501
935,108.73779
937,82.17479
939,92.230064
940,106.75725
941,98.668884
942,106.66367
943,92.860306
944,104.01505
947,110.54067
949,108.76044
951,99.592804
952,95.070114
953,105.36903
954,77.33158
957,112.682846
959,90.137764
960,110.84451
963,116.296844
965,110.54067
967,107.08921
971,93.70615
972,77.54036
973,91.99367
974,113.21229
975,106.00479
978,105.34097
980,99.30195
981,92.363304
984,110.323616
986,97.3501
988,90.326744
989,109.59288
990,107.26652
992,108.58717
996,105.3961
999,110.235435
1000,101.46852
1001,104.2026
1002,91.134636
1003,112.51013
1004,90.09929
1008,111.91452
1009,99.4024
1010,104.99423
1012,110.34413
1013,94.707054
1014,108.75578
1015,94.89092
1016,116.296844
1019,94.25493
1020,108.40975
1021,97.3501
1022,96.176384
1024,97.3501
1025,90.152054
1027,95.39263
1028,109.05535
1029,101.382484
1030,97.98946
1033,112.691025
1036,102.78045
1037,108.54846
1038,92.15572
1042,92.230064
1043,105.769035
1044,94.57714
1045,112.199524
1047,114.84978
1050,97.53332
1051,107.49902
1054,94.454315
1056,92.363304
1057,94.14152
1059,94.590096
1062,105.47147
1063,97.48931
1064,92.363304
1066,94.66814
1070,111.53495
1076,112.38349
1077,99.534
1078,113.01663
1080,107.51113
1082,100.35415
1083,99.86065
1089,105.52628
1091,100.22253
1093,96.49176
1097,94.55796
1099,94.5732
1101,97.164406
1103,102.7725
1104,111.40391
1106,103.36097
1109,94.772125
1110,110.13366
1111,107.98186
1112,111.77862
1114,93.39255
1116,96.50808
1117,107.95057
1120,100.16186
1124,111.7434
1125,93.264854
1126,113.42079
1134,106.31773
1137,94.00418
1138,110.84636
1144,108.97178
1145,93.71361
1146,92.81371
1148,104.388405
1150,99.04982
1152,106.34292
1153,101.86511
1154,106.95906
1155,92.959076
1157,97.44556
1162,92.82493
1165,112.66111
1166,99.262146
1167,100.19196
1168,100.414215
1169,105.8285
1171,117.93444
1172,97.20165
1173,105.8285
1174,97.52706
1176,102.1698
1177,108.20392
1178,95.80283
1182,112.021706
1186,99.560036
1187,108.13463
1188,94.29412
1189,116.049965
1191,106.89613
1192,93.96304
1197,112.44347
1198,96.545876
1200,80.44923
1201,94.62153
1203,97.61857
1209,116.296844
1214,109.14938
1218,110.878136
1222,95.753815
1226,98.17938
1228,96.497246
1230,100.80045
1232,79.44315
1233,110.99922
1236,112.97226
1238,97.43722
1241,108.97178
1244,99.22872
1246,97.64136
1247,99.994965
1250,106.22625
1251,96.82588
1254,104.93057
1255,96.55794
1256,108.78503
1257,98.41374
1258,109.495056
1259,110.190475
1260,94.96553
1263,109.74836
1267,79.60627
1268,105.97691
1271,95.19602
1272,107.93148
1274,105.18496
1275,92.82493
1276,107.19231
1277,92.41009
1279,92.81371
1281,96.5675
1282,94.29412
1283,105.200806
1285,104.13732
1286,94.54248
1289,112.556786
1296,98.36958
1299,100.87685
1301,105.96684
1306,88.03154
1307,95.596085
1308,95.12944
1313,107.19231
1314,94.40137
1315,110.13366
1316,94.06628
1317,108.530685
1319,93.988045
1323,104.244446
1324,108.90106
1325,95.81548
1328,102.31556
1329,93.276665
1330,104.371254
1331,100.33979
1332,104.248825
1337,100.95757
1338,97.28185
1339,93.39753
1340,101.43144
1343,108.19847
1347,110.54855
1348,97.751755
1349,110.4587
1352,93.90181
1354,101.74524
1359,111.830574
1360,100.30411
1363,108.29739
1364,102.698494
1365,102.991196
1366,104.249504
1372,100.738304
1375,99.92274
1376,99.12018
1378,91.88271
1379,107.472786
1380,99.986626
1381,101.95153
1384,110.504585
1387,101.11249
1388,108.30369
1392,76.51785
1394,101.761604
1395,95.80027
1396,109.711235
1398,96.95851
1399,109.711235
1400,94.17191
1401,93.566986
1403,101.40502
1404,99.08154
1406,109.711235
1407,95.73888
1408,111.371994
1410,79.959854
1412,110.55877
1413,92.574585
1415,96.68792
1420,111.371994
1422,111.34879
1423,101.02857
1424,111.371994
1425,102.986755
1426,79.959854
1427,102.26425
1429,90.4771
1430,105.41746
1431,103.49952
1432,100.58488
1434,115.61327
1437,95.2584
1438,102.22349
1440,111.29099
1441,106.225784
1442,97.862656
1444,109.46588
1445,96.43439
1446,103.519005
1448,92.38708
1453,93.48476
1454,110.55877
1455,101.723305
1456,105.83059
1458,110.55877
1459,92.89907
1461,97.402466
1465,101.11249
1466,111.22521
1469,107.75598
1472,93.48476
1474,94.19654
1477,107.47737
1479,109.20055
1482,110.312096
1483,77.51539
1487,95.463135
1488,105.974945
1490,113.407776
1492,104.66031
1494,117.99165
1496,99.62287
1497,96.77558
1499,104.30162
1502,96.694435
1507,103.75142
1508,93.90181
1509,103.60185
1511,94.4652
1512,106.158676
1513,115.854355
1514,102.25312
1518,113.134766
1519,92.51914
1522,111.61243
1524,77.99285
1527,97.862656
1529,95.94637
1532,106.79166
1536,113.18832
1537,115.58085
1539,101.7292
1542,108.522255
1543,99.12018
1544,103.129
1545,79.9971
1550,95.22158
1551,101.252106
1554,115.8388
1556,106.98524
1559,94.23916
1560,77.10679
1562,97.6383
1566,92.65353
1567,111.786995
1569,105.522415
1570,111.004875
1571,111.556946
1574,93.90181
1578,105.61306
1580,92.886246
1583,105.51061
1584,93.90181
1585,107.792076
1586,103.238144
1587,113.395676
1588,93.52653
1590,115.86245
1592,105.63693
1596,100.40837
1598,109.462296
1599,95.266975
1604,112.41159
1606,101.84198
1607,92.574585
1608,99.258
1609,116.42841
1611,97.14274
1613,96.86629
1616,97.18954
1619,110.85132
1620,97.68422
1621,110.0078
1622,98.838715
1625,108.44697
1627,116.42841
1629,103.92554
1634,97.69369
1636,96.04946
1638,107.73041
1639,99.3353
1641,100.949615
1643,95.566956
1644,98.722725
1645,118.894485
1646,101.82179
1647,113.742966
1648,95.10277
1652,92.886246
1653,113.78719
1656,96.49932
1658,95.266975
1659,108.93604
1661,101.574974
1663,92.574585
1664,105.58244
1665,95.34386
1666,106.98524
1667,100.65065
1668,79.040405
1669,103.53052
1670,95.97035
1672,113.40485
1674,106.845215
1677,105.974945
1678,92.89801
1679,111.95781
1680,99.20337
1683,111.37029
1686,106.58464
1687,108.26313
1689,108.0581
1690,93.609695
1691,115.85114
1692,113.581635
1693,93.90181
1695,96.910034
1696,93.48476
1697,108.93604
1700,106.98524
1701,95.92152
1702,113.395676
1703,92.77065
1704,105.889824
1706,96.4708
1707,109.994965
1708,96.74589
1710,91.1157
1711,104.34057
1713,103.3948
1717,110.12446
1719,105.61306
1720,95.98804
1722,95.68257
1725,104.925064
1726,97.45688
1727,102.798386
1729,101.408195
1730,88.3951
1731,105.75776
1733,106.98524
1734,96.100266
1735,111.34879
1738,96.86629
1742,104.56017
1745,106.845215
1747,95.444214
1749,100.18158
1751,96.30316
1752,77.10147
1753,102.31885
1754,95.29896
1755,93.44944
1756,102.65759
1758,104.83884
1759,101.723305
1760,107.45043
1761,110.108284
1762,91.48495
1763,106.64478
1764,111.897194
1766,101.360504
1768,93.25326
1769,79.38893
1771,108.26279
1772,97.76543
1773,108.05052
1774,98.12232
1775,109.641884
1777,111.881035
1779,101.723305
1780,107.68654
1787,92.59469
1788,92.13697
1790,95.20702
1796,114.69138
1801,92.760666
1803,94.630356
1807,112.57456
1809,105.611885
1812,97.1714
1813,108.16294
1814,100.71799
1815,109.24077
1816,97.6438
1818,94.21477
1820,91.79233
1821,113.97896
1822,94.26563
1825,97.8967
1826,106.706696
1828,96.07779
1831,102.57817
1836,102.73303
1837,94.65476
1841,94.19654
1844,102.45468
1848,94.78313
1851,101.7292
1852,95.80597
1853,93.348274
1854,99.15577
1856,104.17603
1859,105.611885
1860,96.68356
1861,78.310326
1863,109.757454
1865,97.096466
1866,101.82716
1867,96.156975
1868,92.561104
1872,95.38373
1879,98.32116
1880,108.5443
1882,95.756485
1885,109.70749
1887,104.342415
1888,94.36971
1890,104.17243
1894,98.88917
1895,103.343185
1896,94.472176
1897,111.31722
1900,110.0817
1901,94.23916
1902,107.46066
1905,94.781166
1906,107.41574
1912,106.03935
1915,95.55302
1916,107.07559
1917,94.90562
1918,103.49266
1920,74.526764
1923,100.04787
1924,102.43323
1925,96.90218
1930,116.42841
1932,110.24629
1933,113.558304
1934,113.17548
1935,91.04531
1940,79.959854
1941,96.25707
1942,112.38612
1943,98.71653
1944,92.1314
1945,101.142586
1948,115.58085
1949,92.81072
1952,99.11096
1954,93.91585
1955,115.589066
1958,95.53039
1959,83.900665
1960,106.64478
1963,95.43687
1965,104.68077
1968,101.58439
1969,102.698494
1971,95.701515
1972,110.97221
1973,92.892395
1975,91.9995
1977,102.27377
1978,98.45354
1979,109.29783
1981,93.91502
1982,112.02918
1987,111.732956
1988,92.365036
1993,103.351906
1997,91.38959
1999,94.72691
2001,96.93352
2002,113.77125
2003,95.825676
2004,78.353195
2006,110.30085
2007,93.92398
2009,108.65995
2010,94.17963
2013,102.915276
2018,76.1321
2022,98.38647
2024,106.033066
2025,96.19992
2026,104.80669
2030,108.20596
2031,96.06309
2032,106.03935
2033,94.80805
2035,98.166534
2036,111.84008
2037,97.02058
2040,98.12324
2043,111.582695
2044,123.748405
2046,106.15873
2054,109.12115
2055,96.07343
2056,107.68654
2059,92.89583
2060,94.23916
2062,91.82487
2063,109.270935
2066,98.88917
2067,115.05589
2072,98.597374
2073,108.873695
2074,108.54129
2075,98.60187
2076,96.60298
2080,95.28396
2082,94.23916
2085,98.57942
2087,109.82747
2091,107.23409
2092,97.16005
2093,107.68654
2098,102.09763
2101,106.64478
2102,94.26043
2103,79.959854
2105,101.80972
2106,94.478
2107,99.65479
2110,95.540726
2114,98.54907
2115,111.6525
2117,88.623245
2118,96.95668
2119,105.13875
2120,96.19079
2122,101.64271
2123,112.37744
2126,93.20451
2127,108.12631
2128,93.98486
2129,104.01408
2132,110.604126
2135,106.73572
2138,102.92115
2139,116.42841
2141,114.198395
2142,93.01814
2146,98.37625
2151,114.295555
2157,107.52937
2159,98.511795
2162,92.334435
2164,116.204315
2167,93.10161
2168,110.333954
2171,96.02655
2173,95.60646
2174,102.66851
2175,96.034225
2178,93.58579
2180,97.26261
2185,110.6417
2189,93.44352
2190,111.61081
2192,103.864365
2194,111.236664
2200,104.96756
2201,94.10469
2203,107.551605
2204,93.45721
2205,109.75774
2209,113.43814
2213,104.230515
2214,93.54498
2215,110.36663
2216,94.56651
2218,94.10566
2219,108.08803
2220,100.05241
2222,101.237785
2223,105.60128
2225,109.85306
2226,94.986885
2230,97.44955
2233,112.291626
2234,108.18221
2235,93.45721
2236,77.33123
2237,92.04388
2240,117.20412
2241,95.7855
2248,102.9916
2249,97.89826
2250,103.31256
2252,108.581
2253,98.797676
2254,109.756294
2256,73.880196
2258,95.29772
2259,100.30366
2262,99.24069
2265,93.50946
2266,103.95218
2269,99.750206
2271,101.61244
2273,94.59727
2274,108.9511
2275,93.751564
2277,96.10097
2279,93.45721
2280,77.24541
2282,97.26261
2283,101.49414
2288,94.670296
2289,107.08358
2291,96.33983
2292,115.613396
2297,104.895294
2298,107.20322
2299,97.16393
2300,112.01746
2301,93.658806
2304,95.48629
2305,99.01499
2306,99.24069
2308,94.93158
2309,101.27808
2311,105.58922
2312,98.96935
2316,103.961266
2321,103.093704
2322,104.87704
2325,105.00196
2326,93.840256
2329,115.613396
2330,96.699265
2331,102.16395
2332,111.105736
2333,99.24069
2334,104.381386
2335,109.53887
2337,104.896324
2338,100.32473
2340,111.105736
2342,94.27372
2345,93.904366
2349,97.00655
2351,77.907936
2352,95.5425
2354,110.29871
2355,110.6005
2357,109.85306
2358,95.269104
2360,95.65649
2361,110.29871
2364,97.862656
2366,95.87143
2369,96.39341
2370,96.36172
2371,110.589935
2373,103.463165
2374,103.62793
2376,113.15215
2378,107.105515
2382,105.19345
2383,92.95454
2386,106.08363
2387,101.551476
2389,109.55289
2390,105.65323
2392,95.30193
2398,111.105736
2399,94.73736
2400,97.24661
2401,111.932236
2402,95.42299
2404,97.80444
2407,98.3952
2408,101.63617
2409,108.27693
2412,87.03281
2413,102.61293
2415,96.05341
2420,101.54457
2422,99.5934
2423,102.24754
2426,95.89231
2432,98.51069
2434,89.92908
2435,107.41639
2436,111.30813
2438,106.60547
2440,107.66253
2443,105.91417
2444,92.99602
2447,102.9916
2450,94.49047
2454,103.58339
2455,109.784546
2459,99.24069
2460,102.10186
2463,98.91332
2465,94.6769
2468,79.33753
2469,95.27256
2474,96.12234
2478,95.29178
2480,92.31164
2481,117.20412
2489,97.26261
2490,100.00305
2492,91.04531
2496,99.24069
2497,102.77948
2500,95.258446
2505,98.47476
2507,97.00164
2508,109.75774
2509,92.04411
2510,78.98766
2513,92.12084
2515,97.26261
2518,92.95454
2519,104.5303
2520,92.95454
2521,107.41946
2523,101.959274
2525,95.89302
2529,109.75774
2530,93.823715
2533,103.298325
2535,93.17617
2538,99.41868
2544,107.325226
2553,110.558205
2556,94.34752
2558,93.07146
2559,111.79042
2560,94.55048
2561,108.14479
2562,97.40922
2563,107.304474
2564,87.63294
2565,113.94797
2567,104.015236
2572,93.79425
2575,96.36413
2576,112.55395
2577,93.97053
2578,97.2945
2579,106.69399
2580,94.33619
2582,103.69542
2583,94.2269
2587,92.25744
2589,109.70538
2590,99.17106
2591,109.75774
2594,96.21337
2597,97.16477
2598,104.66884
2599,96.35845
2600,99.92698
2602,116.576996
2603,93.79425
2604,96.2755
2606,99.59198
2607,77.008354
2608,98.94518
2613,109.75774
2614,103.24383
2615,110.86476
2617,109.28081
2620,100.266525
2623,109.78346
2624,97.351715
2627,109.75774
2629,77.008354
2630,97.43518
2632,100.03539
2636,94.62173
2639,106.02276
2640,107.85534
2642,109.75774
2644,106.20202
2646,96.62161
2647,96.95518
2649,93.203064
2650,102.78746
2652,106.65703
2653,97.9253
2655,102.35782
2657,112.356804
2659,109.70497
2662,93.0154
2663,117.20412
2664,98.911446
2665,103.23321
2670,95.13858
2671,107.9491
2672,90.88707
2675,106.65703
2677,111.68992
2679,101.55661
2683,110.15194
2684,97.516396
2685,104.12013
2688,109.347206
2689,102.40732
2690,103.122894
2693,100.60065
2694,107.90608
2697,104.53148
2699,95.65021
2703,94.142
2705,108.249886
2709,81.33211
2710,94.23383
2711,108.85331
2712,102.52015
2713,101.98967
2714,109.45927
2715,97.284454
2717,93.64835
2718,113.528046
2720,111.67729
2721,95.01051
2726,100.56248
2728,94.081635
2731,102.63167
2732,110.2908
2734,94.85985
2736,102.29378
2737,95.20424
2738,102.348335
2739,98.77893
2746,95.44783
2749,105.00077
2751,119.342094
2752,103.75993
2753,98.87459
2757,101.17555
2758,96.43115
2759,107.940926
2760,101.38291
2762,110.06665
2764,94.24411
2765,110.279335
2769,106.549324
2771,109.356735
2774,94.91178
2776,93.96979
2777,99.33419
2778,97.2287
2779,107.81479
2782,95.13722
2784,94.64939
2787,95.30286
2789,95.58569
2792,97.52298
2798,94.71987
2799,102.979935
2800,94.92306
2801,77.40881
2802,94.20631
2804,95.929184
2807,102.82441
2808,101.39433
2809,100.32223
2811,115.817894
2812,95.06041
2814,93.10337
2816,101.19772
2817,110.40469
2818,95.271996
2820,101.24378
2821,81.1964
2822,94.85309
2823,111.6302
2824,95.24433
2826,97.94322
2829,95.05087
2834,99.514275
2835,80.64168
2838,99.44032
2839,109.49385
2840,94.54771
2841,104.24536
2842,99.153435
2846,115.292496
2848,100.8717
2849,92.775536
2850,109.45927
2851,93.5048
2853,99.39299
2854,109.75774
2858,106.41939
2861,103.19858
2864,91.04531
2865,117.20412
2866,101.06509
2867,92.56876
2868,112.64775
2870,109.844345
2877,99.16
2878,109.75774
2880,112.77163
2882,76.97999
2883,97.32829
2884,103.3795
2885,99.30957
2887,97.197784
2888,107.2008
2889,93.04891
2890,103.013855
2891,105.01033
2892,117.141846
2893,93.412796
2898,107.40461
2899,95.77507
2900,110.57857
2901,93.404076
2909,103.25377
2910,108.75837
2911,120.466805
2913,98.21923
2914,103.51408
2918,97.918274
2919,109.62359
2920,90.01169
2921,109.75774
2922,97.72493
2923,102.4324
2925,107.455
2926,94.33619
2927,110.503
2929,112.89124
2933,94.10972
2934,106.80376
2936,102.737076
2941,99.884514
2942,96.38037
2943,108.56826
2945,103.294586
2950,93.791214
2951,109.25325
2953,108.17317
2954,100.818405
2955,107.17104
2956,98.96043
2960,105.83737
2962,98.52195
2963,102.78989
2964,104.586586
2966,77.24541
2967,93.60186
2968,98.20393
2969,92.25235
2971,92.702354
2972,104.95194
2974,89.9759
2975,105.676056
2977,118.38299
2980,109.89689
2981,91.84639
2983,97.505424
2984,98.81051
2985,114.77363
2986,96.472984
2987,104.95194
2989,95.581604
2990,109.16616
2991,108.394356
2992,79.38893
2995,104.53148
2996,95.70454
3002,112.258316
3004,107.795906
3005,115.41845
3006,95.99417
3010,102.54595
3011,105.03929
3014,94.33619
3015,94.87493
3016,95.2584
3017,101.08159
3018,93.8018
3021,103.30487
3024,105.07741
3028,94.66292
3030,95.33828
3032,94.33409
3039,93.84917
3040,103.773575
3041,97.00122
3043,109.72236
3044,112.547066
3046,103.74594
3055,95.718094
3056,108.20858
3058,93.34679
3059,107.00108
3061,116.92458
3063,106.27783
3066,96.88005
3067,105.07741
3068,77.99641
3069,95.04092
3072,115.8737
3073,113.16132
3074,96.34974
3077,95.14712
3082,101.58254
3084,104.53148
3085,100.46615
3088,106.259315
3091,92.07968
3092,113.80416
3093,98.576355
3094,102.816734
3096,112.98728
3097,88.77679
3098,73.63243
3102,115.947174
3106,91.52665
3109,96.90005
3111,92.73339
3112,115.41845
3113,95.90791
3115,98.94518
3116,108.85956
3117,97.09156
3121,102.70463
3122,94.32655
3123,95.6618
3124,100.2676
3125,95.2584
3126,101.63811
3127,115.71933
3129,94.03388
3130,111.324425
3132,106.49241
3134,108.21751
3135,105.68926
3137,77.5663
3138,123.30438
3140,106.707855
3144,105.54694
3145,107.188156
3146,110.86476
3147,97.1543
3148,105.99752
3149,107.43591
3150,111.72061
3151,96.78454
3152,97.69307
3155,99.35111
3156,109.45927
3159,93.101685
3161,98.73805
3162,109.46603
3163,94.78066
3165,102.63622
3172,100.981094
3173,97.456665
3176,94.548386
3177,108.35708
3179,105.676056
3183,94.864265
3186,94.127426
3187,101.12703
3189,106.68786
3190,97.59755
3192,115.71933
3193,100.981094
3194,115.0249
3197,96.21861
3198,96.56856
3200,99.38539
3201,117.47285
3202,96.56856
3204,98.33622
3205,93.28525
3206,104.718605
3208,105.24523
3210,103.88087
3211,100.46448
3212,116.92458
3213,94.08772
3214,106.27701
3216,103.438805
3219,92.48675
3220,109.702515
3221,95.90791
3226,106.15252
3227,105.796005
3228,99.897804
3229,95.7442
3232,79.959854
3233,94.88237
3234,95.081215
3236,103.75705
3238,110.541046
3239,110.41256
3240,94.65671
3247,110.91528
3249,104.50379
3252,111.60284
3253,101.20224
3254,106.20367
3255,98.06301
3256,109.650696
3257,98.531624
3262,108.458206
3263,106.81484
3264,98.96043
3266,114.09581
3267,104.34666
3269,99.00972
3272,114.77363
3274,96.21861
3275,105.3793
3277,102.81723
3279,95.99921
3280,110.49745
3283,95.67153
3285,97.1465
3287,100.77011
3288,105.07741
3290,99.738266
3291,91.87685
3298,107.2361
3299,96.166046
3302,106.85574
3303,93.861496
3304,106.83625
3307,94.45261
3309,97.734215
3314,77.33123
3316,111.09841
3317,96.83671
3319,97.87967
3320,108.03532
3321,94.20311
3322,103.808846
3324,92.86069
3326,95.274055
3329,99.74332
3330,88.1619
3331,111.0456
3335,117.93883
3337,96.248314
3338,98.65672
3339,96.37402
3340,114.90062
3341,97.35004
3343,94.54236
3346,92.68699
3348,90.608315
3351,105.09937
3352,116.2813
3355,92.374405
3356,112.31347
3358,106.55112
3359,95.80597
3360,100.35792
3371,98.05841
3372,95.64196
3374,96.44777
3377,106.594894
3378,92.391464
3380,106.63825
3382,100.82272
3386,96.8698
3389,102.95228
3391,106.718346
3393,97.02494
3394,107.630806
3395,94.052124
3397,109.793495
3398,100.85575
3399,81.522804
3400,92.54525
3404,103.72231
3407,111.7438
3409,103.3948
3419,102.957825
3421,95.80059
3425,95.1382
3427,80.39464
3428,114.77363
3429,108.3297
3431,96.7915
3435,93.90601
3436,108.61087
3439,95.94764
3441,100.082924
3442,114.77363
3443,105.410065
3444,105.12162
3445,93.172264
3446,104.867485
3449,94.23916
3453,98.794235
3457,96.27138
3460,102.73563
3461,104.06399
3462,94.040535
3464,106.400314
3465,77.99641
3466,90.981636
3467,104.475815
3468,97.95847
3469,104.37462
3470,95.822784
3472,109.793495
3473,96.78358
3475,94.428024
3476,108.8246
3478,108.75747
3479,96.04845
3483,92.027954
3484,106.78183
3485,103.84612
3487,94.51746
3488,108.18279
3496,111.11813
3497,101.10497
3499,103.49952
3500,77.702934
3501,96.633934
3504,92.455635
3508,100.10008
3511,101.57396
3512,109.31293
3515,92.91583
3517,93.93606
3518,97.091354
3526,107.09949
3528,113.4297
3529,99.51961
3530,111.60693
3531,92.42028
3532,109.74383
3533,94.43705
3534,96.12974
3535,77.92438
3536,100.07032
3537,111.06621
3538,90.91437
3539,103.28116
3540,103.056404
3545,107.84481
3546,92.55196
3550,107.43092
3551,106.49702
3553,94.78983
3554,102.73563
3557,91.99259
3558,108.79456
3559,94.23916
3561,91.319984
3562,109.793495
3563,96.55993
3564,105.09937
3565,93.172264
3567,95.91002
3571,105.09937
3572,99.512856
3574,108.659325
3576,94.79752
3577,106.75712
3578,95.633766
3579,93.7593
3583,96.14041
3585,102.056435
3586,106.06432
3587,114.50632
3593,94.4437
3594,107.17128
3595,93.84917
3599,96.84628
3600,102.89689
3601,109.793495
3602,94.23916
3604,99.65616
3609,116.20084
3610,107.21311
3612,110.41907
3614,99.81929
3615,95.54571
3617,98.27886
3618,110.99445
3619,110.42908
3620,108.65856
3621,95.64683
3625,104.333244
3626,105.62486
3630,106.0988
3631,106.60026
3632,98.15341
3633,94.01555
3634,109.73363
3637,98.109566
3639,98.572395
3640,109.47206
3641,94.58076
3644,111.88003
3645,99.011795
3646,93.800606
3647,90.093254
3648,111.69657
3653,112.612404
3654,98.24495
3655,109.91742
3659,100.12784
3660,98.559814
3662,111.19077
3666,99.1662
3668,99.72972
3671,99.45962
3673,95.1425
3674,108.926125
3675,97.21609
3681,93.38711
3682,113.59928
3686,106.27701
3687,95.83515
3692,79.50062
3695,110.44417
3696,97.80489
3699,109.88967
3705,119.46886
3707,79.959854
3708,95.205185
3709,111.39056
3710,95.34442
3712,95.63146
3715,113.51946
3716,94.18125
3720,103.284966
3722,79.959854
3726,90.99608
3728,96.97555
3729,111.63787
3731,103.36566
3735,108.61108
3736,98.062256
3739,102.641396
3741,110.71026
3743,107.7067
3744,94.85423
3745,113.4611
3746,102.21179
3751,96.64274
3753,96.05363
3760,106.25051
3761,96.57445
3762,106.92552
3763,95.143974
3765,94.861275
3768,110.77167
3769,94.552284
3770,96.98749
3773,113.94776
3774,99.53333
3776,93.919174
3778,96.56525
3779,110.80743
3780,94.10451
3781,101.087685
3782,104.82941
3783,111.19926
3784,101.71175
3786,90.94479
3789,105.077324
3790,96.725845
3793,107.09634
3795,113.01515
3797,97.347305
3798,115.356476
3800,108.61087
3804,99.42616
3810,97.90052
3815,112.70611
3816,99.42616
3818,104.74952
3824,109.793495
3828,101.13634
3830,109.03362
3831,94.76254
3832,77.10147
3834,113.72261
3835,92.75713
3836,107.68923
3838,97.71182
3839,115.58085
3840,109.45209
3845,94.93788
3846,110.09395
3847,94.85518
3849,77.40022
3853,110.86491
3855,107.68654
3856,98.96621
3864,80.82721
3865,98.102196
3866,110.45673
3867,106.533714
3868,108.61087
3869,96.04887
3871,97.05151
3875,111.64656
3876,98.867226
3878,92.34373
3879,111.609566
3881,108.61087
3883,106.82548
3884,98.92495
3886,108.747284
3890,100.97393
3893,103.19705
3897,102.32496
3901,95.91357
3902,106.64478
3913,108.43503
3914,89.617516
3916,94.59228
3917,112.60653
3924,102.63699
3925,91.97723
3928,95.58269
3929,113.99279
3932,92.144325
3933,104.595795
3934,78.620766
3935,90.35078
3936,97.94525
3937,111.04923
3938,90.51252
3939,99.64102
3943,93.00133
3944,109.82659
3945,111.61328
3946,96.87957
3947,105.85472
3948,95.40189
3949,110.57386
3950,95.11089
3951,102.25157
3952,93.67789
3953,98.93403
3961,113.08328
3962,92.19047
3966,95.44435
3967,108.56772
3968,101.2592
3969,111.584595
3970,98.99843
3971,99.313446
3973,95.77802
3974,111.83921
3975,113.51943
3977,97.4017
3979,102.75245
3985,103.71113
3986,109.31456
3988,99.60644
3991,93.896355
3992,104.907486
3993,105.74756
3994,97.86577
3995,115.58198
4005,101.78551
4007,95.41876
4008,109.406136
4009,99.59012
4010,104.08601
4011,78.42595
4012,96.26958
4013,103.59927
4015,102.5402
4016,105.93646
4018,101.847984
4025,94.80399
4026,103.46771
4028,107.932755
4029,96.56099
4031,97.76419
4032,112.513885
4033,99.345924
4034,108.37981
4037,101.3181
4038,105.16401
4039,94.362724
4041,94.78597
4042,101.15189
4043,95.886
4044,104.595795
4045,99.71946
4046,105.576385
4047,96.55911
4048,103.29487
4049,112.735634
4051,94.33428
4052,113.554634
4058,102.26316
4062,112.67875
4064,104.2866
4067,96.16528
4068,78.475075
4070,105.956474
4072,117.091545
4074,111.37213
4075,95.14903
4076,110.57869
4077,94.203545
4078,103.48669
4080,104.595795
4082,98.51603
4085,93.57341
4086,101.04078
4088,103.46771
4089,98.53622
4092,77.796104
4094,99.425
4095,109.7015
4096,94.95659
4097,108.92544
4102,104.907684
4105,104.22648
4107,110.793816
4111,104.23886
4112,101.98835
4113,97.5339
4114,108.58644
4115,93.74185
4116,108.80659
4117,96.99361
4118,95.51958
4119,108.1952
4120,93.5859
4122,80.70564
4125,92.94545
4126,110.28419
4129,112.16629
4134,106.93931
4137,95.28828
4141,96.245285
4142,97.11393
4144,99.72708
4145,102.63699
4146,107.30634
4150,97.88836
4151,77.46141
4154,96.16528
4156,93.66594
4157,104.72554
4159,105.93646
4160,97.250755
4161,110.003845
4168,94.1511
4171,108.19033
4172,109.38291
4173,97.41934
4175,91.36756
4176,104.595795
4177,99.72708
4178,104.58501
4179,101.02434
4181,105.050415
4183,96.56099
4184,109.41446
4185,91.48478
4186,111.96231
4188,101.26884
4190,112.08491
4192,95.63714
4193,102.56084
4194,110.9031
4195,101.24592
4196,78.16981
4202,96.966064
4203,104.16972
4208,91.39604
4209,113.39831
4210,98.96565
4211,104.49254
4212,117.55129
4214,106.6082
4215,96.05941
4216,102.50094
4217,94.63402
4219,94.97829
4222,111.04923
4224,77.466896
4231,107.89029
4232,96.56099
4234,98.2912
4236,99.72708
4237,104.61148
4240,98.01634
4242,97.58302
4243,93.54946
4247,92.01623
4248,115.91557
4249,101.53399
4254,106.15081
4263,93.391914
4265,112.13719
4267,109.539024
4268,110.42954
4271,109.82327
4272,98.49871
4273,111.02158
4274,93.31535
4276,92.95795
4278,93.39806
4280,95.19087
4281,113.0598
4283,101.22579
4284,109.910286
4285,109.317924
4286,105.88499
4287,98.061264
4288,119.08109
4289,97.21367
4290,86.01662
4293,96.31157
4296,110.75344
4297,92.62532
4299,95.308815
4303,107.39904
4310,99.557556
4312,104.07658
4318,104.80431
4320,103.47275
4322,100.870766
4323,115.05297
4325,106.6082
4326,112.364914
4328,109.32437
4330,109.74217
4332,112.59195
4333,99.940674
4335,98.44124
4336,105.053246
4338,103.75308
4341,96.9439
4342,108.360886
4344,102.26316
4347,95.49647
4348,105.75142
4351,107.084206
4352,95.84567
4353,97.8301
4355,106.15081
4356,93.57341
4359,107.13252
4360,95.36222
4361,96.51897
4364,99.51873
4365,103.67726
4368,98.098434
4372,92.25381
4374,90.08302
4376,93.615105
4377,111.073105
4380,92.4351
4383,104.37509
4384,93.39806
4385,97.62752
4389,96.22893
4391,93.94661
4392,106.070366
4393,90.92651
4395,94.86112
4396,109.99992
4398,110.573265
4399,112.47187
4401,90.5228
4406,100.26323
4408,107.39831
4412,105.75142
4415,100.58344
4418,106.03713
4419,90.08302
4420,78.547104
4422,109.82659
4423,90.08302
4425,98.076775
4428,101.06648
4431,107.666336
4434,96.496086
4436,96.99541
4437,112.63372
4439,116.61373
4440,96.34647
4441,108.754234
4444,99.8939
4445,106.6082
4446,94.078705
4447,110.87785
4452,107.082695
4456,107.68569
4457,94.36685
4458,97.44294
4460,93.57341
4461,116.53945
4462,97.4697
4465,105.31927
4466,98.152145
4468,97.50087
4469,108.56883
4472,107.35637
4475,94.75748
4478,92.78345
4479,111.63692
4480,96.160614
4483,79.618034
4484,94.22041
4485,108.74207
4486,98.99843
4488,99.31061
4489,109.558205
4490,94.68753
4491,99.05676
4492,95.70842
4493,108.65539
4494,96.27339
4495,99.70551
4498,77.75871
4499,91.075035
4500,104.01961
4503,109.677605
4505,105.20473
4506,96.73505
4507,94.17865
4508,104.80431
4510,112.31727
4511,90.8981
4513,100.87437
4516,78.944374
4519,93.47964
4521,103.73408
4531,90.79708
4532,78.940216
4533,105.04758
4534,102.19293
4536,104.80431
4537,94.36685
4539,94.00099
4542,104.84005
4545,94.792404
4549,89.47476
4551,97.8632
4554,102.38398
4556,108.114334
4559,111.360054
4561,113.592926
4562,109.767746
4566,110.77218
4569,93.70241
4570,109.99992
4573,94.78215
4574,103.25346
4575,98.716705
4577,93.52817
4578,111.04923
4580,101.225075
4582,94.97374
4583,109.82659
4585,93.52539
4587,104.80431
4595,94.26226
4596,105.34838
4601,97.25537
4602,111.539734
4603,91.7647
4605,101.24572
4606,94.59127
4607,109.77128
4608,94.37707
4610,96.35903
4613,108.85956
4617,94.837746
4618,111.22441
4619,93.35178
4620,94.02748
4622,96.74995
4625,93.57341
4626,104.80431
4627,95.05435
4629,83.77523
4631,90.155174
4633,104.80431
4634,110.82327
4635,94.68717
4639,97.34044
4640,104.81112
4642,105.777405
4644,97.58828
4646,104.80431
4647,104.42634
4648,74.94128
4649,92.997574
4650,112.142586
4655,89.47476
4660,94.19506
4661,111.66997
4662,92.04392
4663,114.9797
4665,94.1361
4666,112.672356
4667,106.05693
4668,94.78203
4670,96.26404
4671,102.77324
4672,101.58941
4673,106.79401
4675,109.672935
4676,95.59959
4677,108.67542
4680,95.438644
4682,93.8534
4683,108.920944
4685,105.75142
4686,92.106445
4688,110.975716
4690,101.2866
4692,109.11316
4693,93.62961
4697,89.47476
4700,103.6725
4702,107.41097
4707,116.928986
4708,93.15686
4710,81.891045
4716,108.84096
4717,96.75536
4718,96.2075
4720,95.45044
4721,80.8614
4723,98.58234
4726,111.278015
4727,90.867836
4729,95.569595
4731,96.40946
4732,105.50225
4735,106.07898
4736,106.36844
4737,91.66991
4738,107.079575
4739,112.94459
4744,107.34223
4747,96.01162
4749,107.33804
4750,93.15686
4752,109.93961
4755,101.00869
4756,107.291046
4757,114.087456
4758,93.00493
4759,104.45439
4763,97.44362
4764,105.655045
4765,94.9786
4766,94.986984
4767,96.72959
4769,111.503746
4770,95.328476
4771,78.67029
4772,104.21809
4774,111.01612
4776,101.65911
4777,108.63588
4778,104.152664
4780,94.20769
4784,95.248215
4786,101.91187
4787,78.47498
4788,95.618004
4789,109.93961
4791,101.875755
4792,95.726974
4795,110.650604
4796,90.99331
4803,92.955574
4805,94.26261
4807,94.510315
4809,97.69364
4816,91.43426
4817,78.308235
4818,90.06219
4820,92.316795
4821,105.32733
4823,112.041595
4824,95.46501
4825,111.771385
4829,95.50899
4830,97.44011
4831,110.535965
4833,108.974556
4836,91.13983
4837,110.975716
4838,94.33538
4840,94.733406
4841,78.62743
4842,90.18436
4843,108.89179
4844,94.57457
4849,106.80561
4851,104.650246
4852,93.20077
4858,92.91063
4860,97.44011
4863,111.00127
4864,96.45146
4865,109.388374
4867,95.90493
4868,97.07483
4869,108.63973
4873,91.087166
4875,104.05659
4876,111.11139
4877,93.74987
4878,111.74529
4880,78.31425
4886,114.367836
4888,108.09592
4889,93.614204
4890,112.01333
4893,96.187164
4895,96.903595
4896,101.92053
4899,93.04344
4901,100.82928
4902,110.273674
4903,94.39249
4904,109.93961
4910,94.034744
4912,91.90117
4915,96.34436
4916,103.57493
4917,99.30394
4920,104.21809
4927,106.75201
4928,94.14746
4931,107.61664
4934,91.763374
4936,95.014114
4939,109.221405
4942,112.55691
4943,97.00086
4944,106.045456
4945,96.81999
4947,110.057655
4948,91.27165
4951,94.743866
4952,109.93961
4953,94.5594
4956,94.39249
4957,115.89598
4958,99.84934
4960,95.594955
4968,95.191765
4969,105.21692
4971,107.57922
4973,111.381996
4975,111.312386
4976,92.25752
4978,93.652626
4979,97.96726
4982,98.118805
4983,102.34926
4984,98.723564
4985,116.928986
4986,101.74764
4987,113.04149
4988,99.943954
4994,95.695404
4995,93.94758
5002,79.40546
5004,94.92731
5005,102.67195
5006,97.638245
5007,105.452446
5009,111.91045
5011,111.381996
5014,104.38982
5015,105.3616
5018,97.0837
5019,110.931725
5020,93.37853
5021,104.21915
5022,92.384895
5023,100.363365
5025,97.00086
5032,104.38038
5034,92.32056
5036,91.98187
5038,92.8402
5039,110.05239
5046,97.78702
5049,110.931725
5051,93.63549
5052,94.19556
5053,111.01612
5054,95.957
5055,92.20843
5057,94.36685
5059,94.0882
5062,100.47483
5063,112.31905
5065,110.28769
5069,94.50251
5071,100.608284
5074,108.39709
5075,93.10054
5076,99.93507
5077,78.402954
5079,105.84509
5080,95.32695
5081,111.20643
5083,104.51657
5088,108.11076
5089,92.46255
5093,99.80439
5094,103.09411
5095,94.24186
5099,105.68981
5101,111.50684
5103,106.35599
5104,93.062744
5105,107.46173
5107,92.95487
5108,106.8981
5109,99.57256
5111,96.02043
5112,110.46783
5113,100.82469
5114,103.17053
5115,96.028755
5118,94.34685
5122,95.957
5123,78.84792
5125,93.75296
5127,110.81388
5128,97.76397
5129,114.60355
5132,97.11566
5134,109.908905
5135,94.026726
5137,110.476265
5142,94.07816
5143,102.506996
5144,91.96159
5148,93.69975
5149,93.17639
5150,102.63699
5154,78.547104
5155,96.84806
5159,91.76008
5164,93.66639
5165,114.29394
5166,92.09385
5167,105.87796
5169,95.36398
5171,90.185265
5172,112.04415
5176,95.38786
5184,102.676285
5185,98.86786
5186,103.35935
5188,101.28138
5189,106.174904
5190,98.01707
5191,114.29394
5193,112.08497
5196,92.50682
5199,80.82955
5200,108.054016
5203,94.960846
5204,114.59592
5205,97.70909
5207,95.99902
5208,100.09281
5212,97.23232
5214,97.12188
5218,99.18789
5220,101.97239
5222,92.11332
5224,96.16672
5225,104.59556
5227,110.35207
5229,107.75751
5232,90.37642
5233,119.02779
5234,102.774
5237,109.99992
5239,110.96238
5240,93.56667
5241,110.931725
5244,92.39975
5248,110.34882
5251,91.341125
5253,93.36264
5255,96.9566
5256,95.47189
5257,93.11063
5259,96.57157
5260,109.95
5266,93.88578
5268,95.23265
5275,111.20643
5276,104.81192
5277,96.20243
5279,95.571396
5280,105.06084
5281,92.91899
5283,101.127205
5284,79.485176
5285,93.94758
5286,102.65067
5287,97.33512
5289,90.11857
5290,112.08497
5292,108.85965
5293,95.71048
5294,105.34209
5297,97.47281
5299,98.55918
5302,94.79384
5305,80.36375
5306,95.04121
5308,94.608086
5309,95.43017
5310,112.9295
5312,110.71167
5316,110.765495
5317,96.65374
5319,78.49175
5320,97.00086
5323,100.01911
5329,98.35791
5331,108.67899
5334,107.609566
5336,112.787125
5338,102.27588
5341,107.642944
5345,96.21533
5348,94.08957
5349,111.95198
5355,105.84601
5356,95.37126
5360,108.83271
5362,103.13279
5364,106.737564
5366,102.49993
5367,96.52078
5368,91.5031
5370,96.45445
5371,78.547104
5373,108.55908
5375,109.99992
5376,94.400696
5378,108.328
5379,104.90624
5383,92.99027
5384,104.00108
5389,112.75682
5391,78.20797
5393,111.147446
5395,113.35609
5397,109.19182
5398,96.09525
5399,114.92086
5401,118.07153
5402,97.07803
5403,112.04882
5404,94.735954
5407,78.16981
5408,94.535645
5413,111.02974
5414,101.09035
5417,92.88088
5418,108.85965
5420,107.9379
5421,96.16404
5424,93.44066
5425,114.59592
5426,100.8654
5429,113.7729
5431,96.05015
5437,104.80259
5440,92.54262
5444,109.26071
5446,102.23134
5447,101.56521
5451,96.128784
5452,107.29919
5455,102.774
5456,95.88665
5458,93.40016
5459,100.649055
5460,93.57167
5462,93.70168
5463,107.97005
5464,91.98972
5465,113.262825
5466,99.869446
5467,105.71717
5468,109.288025
5469,113.222084
5472,92.7536
5474,94.39792
5475,94.74684
5476,96.59211
5479,105.615746
5480,113.554634
5482,107.318306
5485,92.62394
5486,117.62533
5488,79.36439
5495,107.75751
5496,101.09586
5497,112.67879
5499,110.28137
5503,91.7454
5504,94.14864
5507,98.09203
5509,104.93918
5511,93.81014
5512,108.6584
5516,110.8586
5517,96.33274
5518,102.7731
5521,98.039505
5522,106.08478
5527,100.82184
5528,96.02067
5529,105.55185
5532,105.76626
5533,107.01767
5535,104.95132
5536,99.37307
5540,95.21911
5547,91.57969
5548,111.406235
5550,77.672356
5551,94.15654
5554,108.91304
5555,96.06099
5559,107.24808
5560,95.31141
5561,108.92961
5562,96.01384
5563,108.374626
5565,79.74268
5566,99.733154
5567,103.077866
5568,93.21864
5572,96.430885
5574,94.81643
5576,100.26325
5579,113.422066
5580,84.06553
5581,92.67819
5583,95.225
5584,110.981995
5586,107.82585
5587,95.116325
5589,103.0121
5591,104.46985
5592,93.87633
5593,107.94552
5594,97.53455
5595,82.102196
5596,111.00655
5597,101.2348
5598,116.45242
5599,96.81999
5602,114.48565
5603,97.53455
5605,94.9778
5607,93.70892
5608,94.43029
5609,94.13753
5610,93.74185
5612,94.21322
5613,105.64848
5614,95.0819
5616,97.055695
5621,92.35103
5623,96.34644
5628,113.48107
5629,94.43279
5631,114.19434
5633,98.444145
5638,105.04338
5639,94.48147
5640,98.44696
5645,102.7507
5646,79.93859
5649,95.68698
5653,103.52876
5655,111.82298
5656,93.75559
5658,96.616974
5662,116.65711
5663,91.69116
5667,92.948135
5670,96.81999
5671,102.70495
5672,94.3808
5673,104.5412
5674,92.72822
5675,104.747444
5676,96.18323
5679,113.91186
5683,107.47653
5687,95.92075
5688,77.72398
5690,103.05069
5691,112.78692
5692,95.148445
5693,111.8782
5694,91.44483
5697,113.2441
5698,91.43661
5699,111.87005
5704,95.77214
5707,113.91186
5709,98.462814
5710,91.84397
5714,94.85523
5718,93.731575
5721,94.91063
5723,94.42125
5724,108.67238
5725,93.15686
5726,103.7707
5729,99.56147
5730,102.7731
5731,97.38314
5733,77.42247
5736,91.38064
5741,104.90613
5745,111.48211
5747,93.14311
5748,108.281784
5750,110.88593
5751,109.46995
5752,97.78687
5754,93.30411
5755,95.30037
5757,101.13051
5758,117.3685
5760,108.016785
5762,103.99469
5766,103.03558
5768,97.00086
5769,118.182884
5770,97.466446
5771,111.4586
5772,90.989044
5773,101.00106
5774,95.37069
5776,92.43351
5777,111.87005
5778,92.568146
5780,110.0106
5782,93.06973
5783,78.128006
5784,97.44011
5786,95.476524
5788,93.91029
5789,97.46137
5790,95.53407
5791,107.73508
5793,100.358116
5794,96.82996
5796,117.003265
5797,93.75713
5801,102.26848
5803,95.92075
5804,104.56417
5805,94.079124
5806,78.31425
5808,110.650604
5813,94.41252
5815,96.46369
5816,105.223465
5822,96.49482
5823,111.89003
5825,108.143616
5827,109.65734
5829,102.20311
5830,98.65717
5831,96.3506
5832,96.736916
5833,110.650604
5837,115.05148
5838,91.93384
5839,95.03718
5842,98.44696
5844,109.54444
5845,94.20466
5846,109.353676
5848,77.62968
5850,110.10971
5851,91.47368
5853,97.00086
5854,106.36844
5858,98.44696
5860,111.26762
5864,103.9267
5866,95.892166
5867,113.91186
5868,91.1701
5869,112.24002
5870,93.50801
5871,108.48081
5874,111.986435
5876,109.578186
5877,89.64307
5878,94.761055
5879,110.931725
5880,100.07395
5884,92.09392
5886,111.00146
5890,100.95066
5896,97.37271
5897,105.10387
5898,97.00086
5901,107.271736
5903,111.04696
5906,93.74185
5908,113.698494
5909,96.390945
5910,105.64848
5911,92.961174
5912,106.737564
5914,111.986435
5919,111.412834
5924,95.663605
5926,93.64337
5929,104.837776
5930,99.32435
5932,93.93254
5933,110.78744
5934,92.80647
5935,111.30846
5936,94.756325
5937,111.367165
5938,97.65538
5939,106.120255
5942,99.43603
5943,92.314
5944,99.43688
5946,110.75366
5951,93.89325
5953,103.25602
5954,94.43425
5957,104.36235
5961,98.36792
5962,103.63503
5964,79.75643
5965,96.97171
5968,111.986435
5969,93.10296
5974,92.616875
5975,95.54368
5978,78.62743
5981,102.7731
5982,93.79717
5983,101.16696
5989,107.98243
5991,93.2051
5992,97.66153
5995,100.88394
5996,105.223495
5997,108.929695
5998,94.98339
5999,77.277466
6001,110.34604
6002,94.46824
6003,95.23878
6004,94.43425
6006,106.64395
6007,96.34235
6011,99.30708
6012,109.199005
6014,92.961174
6015,104.63332
6016,92.664925
6017,110.063614
6018,97.00086
6024,96.18323
6025,102.74616
6026,113.70154
6028,107.94229
6029,77.65512
6030,100.353935
6036,111.986435
6040,94.079124
6041,111.40767
6042,93.79295
6044,96.27815
6045,107.73508
6047,101.66355
6048,94.49662
6049,96.40626
6051,116.464165
6052,98.96204
6053,90.097336
6054,108.31922
6058,97.57572
6059,96.42876
6062,97.00086
6063,117.1053
6064,105.51801
6065,94.079124
6067,99.61365
6068,112.47464
6070,105.50331
6071,109.84293
6072,111.00146
6080,111.00146
6081,92.15427
6084,103.89688
6087,93.15468
6089,106.97396
6092,111.00146
6094,95.14911
6095,111.00655
6097,111.60725
6100,100.363144
6104,110.04705
6105,94.8831
6106,103.788025
6107,80.12472
6108,94.09189
6109,111.00146
6110,92.479744
6114,111.00146
6116,94.01745
6117,96.89139
6118,94.70463
6123,78.69608
6125,111.04696
6128,100.63288
6130,104.93152
6132,103.99713
6137,78.61747
6139,112.1708
6140,95.34703
6141,110.11062
6142,102.938286
6144,103.19484
6145,93.8287
6146,97.06193
6149,92.64319
6156,93.40253
6159,110.61535
6160,95.34703
6162,102.91685
6164,99.56449
6165,91.674065
6168,78.01199
6169,110.650604
6170,94.733154
6171,105.234055
6172,90.71739
6173,106.73675
6176,99.56147
6177,92.80503
6178,93.596664
6180,96.16888
6181,104.98364
6182,96.0096
6185,92.44024
6186,111.18513
6188,107.06049
6189,96.26294
6192,103.89688
6193,93.3705
6194,107.73508
6195,95.354065
6196,117.534966
6197,92.77941
6201,108.23984
6202,93.318954
6203,94.838936
6204,93.33829
6207,121.401306
6209,97.73243
6210,95.063354
6211,114.20327
6213,110.90303
6216,90.718994
6217,94.36683
6219,94.21322
6222,78.31425
6223,107.370125
6235,98.09203
6240,97.05084
6242,91.89532
6247,92.67363
6251,111.211815
6254,111.64475
6255,93.91137
6260,104.05114
6261,91.947044
6262,99.177734
6264,112.15154
6269,108.8896
6271,97.257095
6275,111.60976
6276,94.21563
6278,105.55712
6279,111.48211
6281,113.44631
6284,91.92523
6286,95.984474
6287,77.4952
6288,93.20595
6292,96.54887
6293,93.256584
6295,97.33856
6298,108.328
6300,108.20339
6304,104.61351
6308,105.71791
6310,93.18334
6312,111.00146
6320,97.38314
6324,91.988235
6325,108.557
6330,100.769585
6336,107.333305
6340,103.332466
6341,98.09203
6342,98.99925
6344,96.45754
6345,106.36005
6347,111.406235
6348,95.497406
6349,108.328
6351,78.47498
6353,110.31946
6354,93.82719
6357,91.858955
6358,99.67397
6360,102.153595
6363,113.48107
6364,90.76575
6368,111.89778
6370,95.58716
6371,93.47887
6377,99.749916
6379,93.41763
6381,93.50083
6382,78.50582
6383,111.55028
6388,109.84706
6390,107.818306
6392,102.20311
6393,99.53317
6395,92.38925
6398,106.05532
6401,78.345085
6402,95.71888
6403,111.21537
6405,95.225784
6406,90.22243
6407,111.87005
6409,104.65992
6411,92.25312
6413,94.86176
6416,97.73996
6417,103.8466
6418,94.12971
6419,118.09684
6420,106.92032
6426,104.05576
6429,100.97605
6430,94.25913
6431,111.21537
6432,97.31726
6434,100.01239
6437,111.79037
6438,95.35296
6439,103.73816
6440,92.79498
6441,94.5392
6442,110.843864
6443,96.22726
6445,92.81901
6448,113.698494
6450,105.85395
6453,97.77467
6455,102.68922
6457,94.440315
6458,99.61565
6461,95.21161
6464,111.563614
6467,93.74845
6469,101.294304
6470,78.79472
6471,95.34703
6473,103.97846
6474,92.89735
6479,93.89737
6481,99.47734
6484,113.48117
6495,88.069824
6496,107.42489
6505,105.97418
6506,90.97961
6508,99.61204
6509,94.7629
6510,106.12651
6512,104.84072
6513,95.67457
6514,110.41661
6515,94.42657
6519,94.55895
6521,97.95342
6523,77.70319
6525,101.74916
6526,95.2644
6528,94.41702
6529,97.65772
6531,106.993004
6533,102.70359
6534,92.23996
6535,110.75366
6536,91.742645
6537,112.40831
6540,93.72817
6541,111.55028
6547,105.99154
6548,98.83325
6551,108.510765
6553,105.87374
6555,103.92772
6556,97.39996
6561,78.41735
6564,94.46304
6565,110.75366
6568,95.64492
6569,110.843864
6573,102.35883
6574,95.25124
6577,112.61349
6579,113.48107
6581,94.87692
6582,110.4874
6585,99.014275
6586,94.178696
6589,107.51611
6590,77.528
6593,101.95407
6594,109.59598
6595,111.90998
6599,92.53575
6600,94.11723
6601,110.32617
6602,90.76575
6603,113.698494
6604,94.733154
6607,108.77197
6608,112.99542
6609,92.83856
6611,93.65319
6613,110.843864
6614,96.51101
6616,93.47278
6617,110.843864
6618,94.33668
6619,102.934235
6621,103.92772
6627,99.04774
6629,107.92465
6631,77.660515
6634,95.239204
6636,95.82315
6638,95.64492
6639,110.843864
6641,111.89003
6642,101.379036
6651,116.41405
6654,77.99245
6657,97.18633
6663,93.81727
6665,104.31174
6666,93.45632
6668,94.31495
6669,103.92772
6670,96.31217
6671,99.32839
6673,97.08799
6675,95.8382
6676,78.50582
6677,94.575035
6679,93.76962
6680,106.36882
6681,106.12651
6685,107.84906
6688,94.12314
6689,90.707375
6690,96.69031
6692,110.843864
6693,91.99229
6694,96.134605
6698,118.16905
6699,93.402596
6700,109.43945
6701,94.440315
6702,112.66621
6704,90.707375
6707,105.610985
6712,111.3853
6713,93.22355
6715,108.62643
6721,107.07886
6722,94.040405
6723,110.356316
6724,93.19423
6725,117.78931
6731,109.90368
6735,86.80579
6736,106.798485
6737,111.75275
6738,98.225845
6739,97.973694
6741,103.50461
6743,98.22807
6745,94.31495
6747,111.40004
6749,91.592155
6750,108.65146
6751,114.480034
6752,107.27069
6753,110.843864
6755,105.48407
6756,93.45234
6757,103.244865
6759,110.091194
6761,94.07784
6763,95.34703
6764,118.45757
6765,95.18045
6766,112.91557
6768,106.64395
6771,90.707375
6773,92.72181
6774,96.28905
6778,109.072
6779,96.10014
6781,92.02652
6784,104.22106
6786,98.486465
6787,96.06857
6790,99.27196
6793,104.86591
6795,110.843864
6798,111.40767
6806,96.06298
6807,94.72882
6810,93.041626
6815,100.70389
6816,92.33413
6817,97.20693
6818,93.6103
6819,101.66355
6820,94.828476
6822,95.41992
6823,116.40631
6824,110.650604
6825,95.57773
6828,78.27716
6829,111.76084
6831,102.21059
6832,90.260666
6833,109.05565
6834,95.34703
6836,105.87719
6837,111.412834
6838,94.725784
6840,97.95421
6843,92.18261
6845,91.60181
6846,94.246506
6847,106.43712
6851,102.77719
6852,97.951904
6853,104.751305
6858,107.236534
6861,112.90505
6863,110.25159
6864,78.200645
6865,94.08884
6866,110.14378
6867,100.34748
6868,101.04357
6869,94.062515
6870,110.650604
6874,104.98356
6875,93.37225
6877,106.64395
6878,98.06179
6880,93.36186
6883,102.56147
6884,96.58991
6886,92.64465
6890,98.07886
6893,106.23502
6894,90.85111
6899,106.64395
6900,93.96028
6904,91.59157
6905,108.19709
6906,94.5976
6910,93.16525
6912,102.17575
6913,113.164
6920,94.47983
6922,95.67742
6923,110.843864
6926,95.16438
6927,106.428955
6928,92.358955
6931,115.361465
6933,93.621346
6936,90.38872
6937,111.23727
6939,95.662674
6941,98.98627
6942,106.8667
6943,91.788895
6944,100.32734
6945,92.79108
6946,106.624214
6947,116.83115
6949,105.69188
6951,106.005
6953,99.837456
6954,92.591644
6955,104.85412
6963,110.50726
6964,92.73277
6966,98.910065
6968,92.646385
6970,104.98364
6972,109.217064
6976,107.744514
6978,110.14378
6981,95.27281
6985,109.859
6986,92.028854
6987,110.306694
6989,101.54061
6991,116.40631
6993,112.855515
6994,95.510155
6995,107.933945
6996,92.59663
6997,111.986435
6998,79.45365
7001,107.40376
7003,108.074905
7006,91.85927
7008,91.98658
7010,89.79427
7011,96.60119
7012,95.21283
7013,94.656075
7014,108.552605
7017,95.47369
7018,93.589325
7019,90.83072
7023,93.07099
7024,102.17601
7025,93.20397
7026,111.87831
7027,91.54577
7028,120.1078
7030,110.843864
7031,98.26555
7033,104.39153
7036,95.952446
7037,96.8598
7039,92.41334
7044,93.87574
7045,111.412834
7046,107.80091
7049,92.51851
7050,92.27198
7051,104.98364
7054,108.92682
7055,94.49087
7057,91.35561
7060,106.64395
7061,97.00086
7063,91.544235
7064,108.71596
7067,93.36186
7071,101.56661
7074,107.238235
7075,94.08167
7078,111.412834
7079,90.707375
7080,103.650764
7081,95.902794
7082,111.04696
7083,95.31334
7085,95.767136
7092,101.43233
7094,92.74187
7100,92.82003
7101,104.561424
7102,110.14378
7104,109.17474
7105,97.00086
7106,96.38965
7107,102.413895
7108,77.70782
7109,93.83487
7110,111.23727
7112,92.469406
7113,106.01253
7114,103.30834
7116,109.97045
7117,103.499054
7118,97.40493
7120,92.73161
7121,103.703674
7123,102.55508
7124,96.14425
7127,106.80064
7131,105.11841
7132,93.6103
7133,95.76725
7134,109.57043
7135,90.87778
7136,110.00727
7137,93.49499
7141,95.29859
7144,105.703316
7147,106.72418
7148,98.44888
7150,94.93399
7151,92.73161
7152,104.223595
7154,96.319824
7156,96.15395
7157,105.24852
7159,117.04745
7161,101.19675
7163,96.816895
7164,100.79739
7167,78.10338
7169,99.541336
7170,93.92125
7173,96.683846
7174,108.95919
7177,109.50176
7178,105.590065
7179,96.16528
7180,79.82748
7181,110.931725
7182,93.14268
7184,95.67457
7185,111.88385
7186,92.89309
7187,115.93656
7188,90.81158
7189,110.419876
7191,101.45948
7193,108.47753
7197,96.9639
7199,91.833084
7200,111.04696
7201,90.87778
7204,93.96028
7207,109.679596
7209,110.25159
7210,92.596176
7211,101.37455
7213,95.00844
7214,111.986435
7216,111.88641
7217,93.20499
7220,108.65036
7224,110.843864
7225,94.270164
7226,111.88641
7227,93.57102
7234,111.88385
7236,79.95678
7239,109.19764
7240,90.76597
7242,115.59359
7244,107.649025
7245,90.9491
7247,97.26585
7248,92.01033
7249,117.10107
7250,109.41663
7251,95.74595
7252,110.29812
7253,77.9499
7256,92.14658
7260,94.959404
7261,112.38213
7264,97.81534
7269,109.63041
7270,91.728874
7273,108.49814
7279,93.21097
7281,111.36173
7284,94.74425
7285,112.83811
7286,117.17535
7287,93.332756
7289,95.66357
7292,90.26732
7293,113.49632
7296,98.621254
7297,110.27827
7298,95.43988
7299,111.424706
7301,106.420006
7304,110.77863
7306,110.69856
7308,95.66357
7309,97.19389
7312,90.77248
7313,77.9499
7314,95.19334
7316,94.494194
7319,109.85275
7321,111.668236
7323,97.62
7324,103.500824
7325,93.31325
7328,93.3418
7330,77.570145
7334,93.49223
7337,111.82516
7338,105.20232
7339,95.226395
7341,92.712036
7342,113.40433
7344,102.10593
7345,103.261246
7347,108.47753
7349,111.36173
7350,93.765976
7353,103.05532
7355,110.86977
7356,95.710846
7357,113.00141
7358,101.1975
7360,94.23837
7363,101.7531
7364,96.768555
7366,99.577324
7368,94.679985
7369,107.77338
7370,94.20809
7373,93.372826
7374,102.23493
7375,94.93059
7377,94.1343
7379,96.9164
7380,117.41209
7382,100.81283
7383,92.09871
7385,107.465836
7386,101.20014
7391,95.26207
7394,95.54904
7396,109.41663
7397,96.67315
7399,96.383965
7400,104.2003
7403,77.42379
7405,110.8667
7408,106.273796
7414,110.20789
7416,97.96536
7417,95.04477
7419,94.31269
7420,104.700096
7421,96.223015
7422,96.385056
7423,99.16277
7425,78.50787
7430,101.3861
7432,94.31435
7433,101.91368
7434,107.249115
7436,109.02124
7437,93.353874
7438,108.420425
7440,100.15367
7441,92.09406
7442,107.509865
7445,94.55746
7446,96.6186
7448,111.899574
7450,99.46795
7451,93.74308
7454,103.515945
7455,101.15994
7457,106.65977
7459,96.75665
7462,92.51184
7464,93.74308
7465,104.28308
7466,95.376114
7467,109.08056
7469,105.47656
7472,95.51533
7473,110.843864
7479,93.49223
7480,102.974754
7484,104.72583
7491,93.2051
7494,101.69933
7495,97.67772
7501,97.75947
7503,92.38548
7504,106.12651
7505,94.733154
7508,111.49903
7509,89.407425
7510,77.9499
7511,109.982475
7515,99.781296
7516,100.942444
7517,96.49755
7518,103.36302
7519,93.132835
7521,94.99189
7522,106.60397
7524,100.079506
7526,106.13418
7527,93.95366
7528,102.66187
7529,92.015816
7534,104.54666
7537,107.53687
7538,97.868614
7540,105.30925
7541,111.47225
7545,112.301765
7551,112.71796
7553,93.74415
7554,102.82296
7555,96.95312
7561,112.33978
7562,97.122665
7564,98.530266
7565,100.184
7566,93.21091
7567,107.65991
7569,100.89643
7570,94.5035
7571,116.54195
7572,101.44931
7574,99.3749
7578,109.69136
7579,90.52142
7586,91.973236
7587,88.077774
7590,91.82168
7593,110.843864
7594,102.416016
7595,93.21091
7600,95.20124
7601,76.56958
7602,93.61474
7603,111.01747
7604,94.76711
7606,100.345406
7608,113.05584
7613,78.72692
7615,110.18211
7616,108.97097
7617,112.341644
7618,93.95366
7619,105.57628
7622,103.778824
7623,104.208786
7624,97.059944
7625,98.79788
7626,92.67891
7627,102.54784
7628,77.81379
7631,106.82629
7632,107.84906
7633,93.13525
7634,105.638115
7635,93.50308
7636,111.92774
7637,111.92774
7639,91.517265
7640,78.50582
7644,110.84479
7645,92.57508
7648,102.28933
7649,97.58519
7650,110.650604
7652,104.28308
7653,93.23674
7655,95.49941
7659,111.57734
7662,96.036644
7664,99.576744
7666,95.40054
7668,100.27345
7669,107.065056
7670,94.922485
7672,103.42625
7673,108.27519
7678,96.843185
7679,82.210304
7680,102.70359
7683,93.29153
7685,117.17535
7688,93.589325
7690,108.56829
7692,91.56629
7693,94.67392
7695,111.82516
7696,96.217865
7698,94.83393
7699,110.33078
7702,90.489975
7703,111.82772
7704,97.73591
7707,109.982475
7713,79.272896
7715,104.22517
7717,111.57835
7718,99.96271
7719,102.35687
7721,106.222015
7722,101.44269
7725,99.374405
7727,102.725975
7730,82.77811
7733,92.41109
7735,102.96122
7740,111.82772
7741,111.44607
7742,92.98809
7744,96.28801
7747,95.98247
7750,78.66971
7752,111.14176
7754,108.84157
7756,104.887215
7757,97.815025
7758,102.68174
7760,102.83149
7761,92.23088
7763,104.366776
7765,92.878174
7767,111.92774
7768,93.416435
7771,100.759735
7773,98.81643
7774,99.04788
7776,96.72877
7779,92.26039
7783,93.55282
7786,100.353676
7787,102.14749
7789,92.84401
7791,93.64463
7793,103.71811
7794,100.51539
7795,92.620674
7799,78.51014
7800,102.04825
7802,103.68591
7805,100.04452
7807,99.44225
7808,94.89464
7811,105.82153
7817,108.97097
7818,107.84906
7819,92.79034
7822,92.70364
7823,111.05207
7825,111.35615
7828,94.89104
7832,94.959404
7833,78.719955
7834,103.62458
7835,94.562294
7837,94.65918
7840,99.076935
7842,96.315735
7843,115.18444
7844,90.81379
7846,92.23088
7850,98.08552
7853,111.68786
7855,113.277855
7858,96.90887
7863,111.71755
7865,111.121956
7866,98.96028
7868,92.11367
7869,110.936905
7871,78.014465
7872,103.7437
7874,102.0171
7877,110.43569
7878,92.57508
7879,106.993866
7881,93.64221
7883,93.859726
7885,97.29715
7886,93.74415
7889,97.038246
7890,104.22322
7891,95.96524
7893,95.79297
7894,99.111595
7896,110.650604
7898,105.46166
7901,96.2955
7902,108.47753
7904,106.705956
7905,96.245575
7906,101.31211
7909,94.31495
7910,104.67812
7913,96.03275
7918,110.511635
7919,91.19469
7923,94.56962
7925,92.546074
7927,91.26222
7930,93.91043
7932,100.26797
7933,95.30543
7935,94.89871
7939,101.57
7942,97.989746
7943,103.21222
7945,98.08154
7946,94.64401
7948,101.53
7949,110.843864
7950,92.91422
7951,111.92774
7955,106.89737
7959,96.768555
7960,111.82772
7961,98.577644
7962,104.19044
7964,98.602425
7965,95.78216
7966,110.84479
7967,102.035736
7968,100.68955
7971,111.21168
7974,91.19469
7976,101.752914
7978,108.766304
7982,111.82772
7983,95.06276
7984,101.90554
7986,91.64123
7989,110.843864
7991,108.47753
7992,108.73454
7993,102.65725
7994,109.94161
7995,94.959404
7997,94.48549
7998,101.90554
7999,108.97097
8002,90.65793
8007,98.226105
8009,102.0233
8011,93.37046
8013,97.12632
8015,104.11761
8017,113.93537
8019,115.5591
8023,95.202644
8024,113.40433
8026,108.510765
8027,93.79736
8029,96.552765
8030,101.167885
8031,93.08776
8033,101.08519
8035,100.52488
8036,105.313416
8039,108.83217
8042,89.57006
8044,93.36592
8046,78.79405
8048,112.064285
8049,96.245575
8050,102.746994
8053,94.611404
8054,98.91555
8059,93.4886
8061,93.01566
8062,109.25766
8064,107.06761
8066,105.56989
8067,98.07333
8068,97.39483
8070,96.717735
8071,113.49632
8072,96.60668
8076,94.19627
8080,91.78403
8081,106.02912
8084,104.160225
8087,102.69235
8089,89.8742
8090,116.79792
8091,101.73671
8094,115.50899
8100,91.6053
8101,92.33673
8110,94.47256
8111,108.47753
8112,95.33577
8115,105.37251
8116,101.255684
8118,107.06761
8121,116.60849
8125,112.849785
8127,106.14807
8128,102.69696
8129,108.05723
8131,98.931725
8138,94.04202
8139,105.039764
8140,93.66991
8141,98.81643
8142,111.5775
8143,110.35922
8145,108.510765
8146,91.47045
8148,110.38881
8153,112.4129
8154,90.38773
8155,105.08441
8161,94.589584
8162,107.996864
8163,89.407425
8166,110.83651
8168,111.574936
8170,97.47279
8172,108.53703
8173,90.87778
8176,104.76716
8179,100.190735
8181,92.987946
8182,117.18304
8184,110.41522
8190,102.63699
8191,93.63617
8194,104.18568
8196,109.3452
8198,107.71324
8199,110.8586
8201,111.95075
8202,93.897446
8207,95.21365
8208,108.062836
8211,116.6968
8214,109.04136
8217,97.84748
8218,102.58869
8222,93.72293
8229,108.68697
8231,95.636444
8233,93.52128
8236,93.652466
8238,111.45051
8240,102.25309
8243,95.45546
8246,98.34415
8250,94.757835
8254,105.86772
8256,77.24541
8257,98.28397
8258,99.040375
8260,94.09477
8261,104.98772
8263,111.09698
8264,94.58134
8267,101.948204
8268,94.887245
8271,98.07856
8272,108.062836
8275,94.56569
8276,94.420204
8277,106.34415
8278,116.420616
8279,94.48598
8280,107.36537
8281,96.82806
8282,98.084724
8287,112.10375
8288,91.91346
8289,110.940605
8294,102.08061
8296,98.340546
8299,100.3241
8302,103.75109
8308,108.25831
8314,105.04166
8315,103.14341
8316,107.48808
8317,98.78625
8319,105.07874
8320,93.88899
8321,115.613396
8323,93.528725
8325,95.29251
8326,109.229866
8328,108.57258
8330,102.488914
8331,95.71527
8332,108.31401
8334,92.80439
8338,89.365845
8339,94.50603
8341,96.67474
8345,110.55509
8346,94.92694
8347,108.49432
8349,95.618126
8351,95.777725
8352,107.55141
8353,108.57258
8355,110.184616
8358,109.646355
8359,95.627304
8360,95.53888
8361,108.59707
8363,100.346466
8364,97.23583
8365,97.63732
8366,110.944275
8370,104.20523
8372,97.6993
8376,97.65121
8377,105.88642
8379,107.66081
8380,95.1448
8381,108.37708
8386,92.11406
8388,104.41553
8389,93.73343
8391,108.07929
8394,105.86772
8396,109.45994
8398,99.864845
8400,112.489334
8401,94.9
8404,96.67474
8407,97.28504
8408,111.05481
8409,108.53134
8410,108.81303
8411,99.08815
8413,99.614136
8414,107.41797
8416,95.64591
